﻿Designator,Footprint,Quantity,Value,LCSC Part #
R31,R_Axial_DIN0207_L6.3mm_D2.5mm_P10.16mm_Horizontal,1,39k,
SW1,Switch_Toggle_SPST_SubMini,1,MONO,
T4,"TerminalBlock_Phoenix_PT-1,5-2-5.0-H_1x02_P5.00mm_Horizontal",1,IN_L_P5.00mm,
T5,"TerminalBlock_Phoenix_PT-1,5-2-5.0-H_1x02_P5.00mm_Horizontal",1,IN_R_P5.00mm,
T6,"TerminalBlock_Phoenix_PT-1,5-2-5.0-H_1x02_P5.00mm_Horizontal",1,OUT_L_P5.00mm,
T7,"TerminalBlock_Phoenix_PT-1,5-2-5.0-H_1x02_P5.00mm_Horizontal",1,IN+24V_P5.00mm,
T8,"TerminalBlock_Phoenix_PT-1,5-3-5.0-H_1x03_P5.00mm_Horizontal",1,XLR_IN_P5.00mm,
T9,"TerminalBlock_Phoenix_PT-1,5-2-5.0-H_1x02_P5.00mm_Horizontal",1,OUT_R_P5.00mm,
