﻿Designator,Footprint,Quantity,Value,LCSC Part #
"C1_2, C1",CP_Radial_D18.0mm_P7.50mm,2,"3300uF, 50V",
"C2_2, C2",CP_Radial_D10.0mm_P5.00mm,2,"1000uF, 16V",
"C3_2, C3, C4_2, C4",CP_Radial_D5.0mm_P2.00mm,4,"10uF, 25V",
"D1_2, D1",LED_D5.0mm,2,LED_5mm,
"Q1_2, Q1, Q2_2, Q2",TO-247-3_Vertical_GDS,4,IRFP240,
"Q3_2, Q3",TO-92_Inline_Wide_EBC,2,ZTX450,
"Q4_2, Q4",2SK170,2,2SK170,
"R1_2, R1, R2_2, R2",RESAD3700W85L1500D550,4,"0.47 Ω, 3W, 5%",
"R10_2, R10",RESAD1575W64L635D235,2,332K Ω,
"R11_2, R11, R13_2, R13, R7_2, R7",R_Axial_DIN0207_L6.3mm_D2.5mm_P10.16mm_Horizontal,6,10k Ω,
"R12_2, R12",R_Axial_DIN0207_L6.3mm_D2.5mm_P10.16mm_Horizontal,2,39.2k Ω,
"R14_2, R14, R8_2, R8, R9_2, R9",R_Axial_DIN0207_L6.3mm_D2.5mm_P10.16mm_Horizontal,6,1k Ω,
"R15_2, R15",R_Axial_DIN0207_L6.3mm_D2.5mm_P10.16mm_Horizontal,2,2.21k Ω,
"R3_2, R3, R4_2, R4",RESAD3700W85L1500D550,4,"0.68 Ω, 3W, 5%",
R31,R_Axial_DIN0207_L6.3mm_D2.5mm_P10.16mm_Horizontal,1,39k,
"R5_2, R5, R6_2, R6",R_Axial_DIN0207_L6.3mm_D2.5mm_P10.16mm_Horizontal,4,100 Ω,
SW1,Switch_Toggle_SPST_SubMini,1,MONO,
"T1_2, T1, T4","TerminalBlock_Phoenix_PT-1,5-2-5.0-H_1x02_P5.00mm_Horizontal",3,IN_L_P5.00mm,
"T2_2, T2, T6","TerminalBlock_Phoenix_PT-1,5-2-5.0-H_1x02_P5.00mm_Horizontal",3,OUT_L_P5.00mm,
"T3_2, T3","TerminalBlock_Phoenix_PT-1,5-2-5.0-H_1x02_P5.00mm_Horizontal",2,S+24V_IN_L_P5.00mm,
T5,"TerminalBlock_Phoenix_PT-1,5-2-5.0-H_1x02_P5.00mm_Horizontal",1,IN_R_P5.00mm,
T7,"TerminalBlock_Phoenix_PT-1,5-2-5.0-H_1x02_P5.00mm_Horizontal",1,IN+24V_P5.00mm,
T8,"TerminalBlock_Phoenix_PT-1,5-3-5.0-H_1x03_P5.00mm_Horizontal",1,XLR_IN_P5.00mm,
T9,"TerminalBlock_Phoenix_PT-1,5-2-5.0-H_1x02_P5.00mm_Horizontal",1,OUT_R_P5.00mm,
"TP1_2, TP1",TestPoint_Pad_D1.5mm,2,3.5-4.1V,
"TP10_2, TP10, TP3_2, TP3",TestPoint_Pad_D1.5mm,4,4.1-4.7V,
"TP11_2, TP11",TestPoint_Pad_D1.5mm,2,11.8-12V/5.2KΩ,
"TP12_2, TP12",TestPoint_Pad_D1.5mm,2,0V/0Ω,
"TP2_2, TP2, TP8_2, TP8",TestPoint_Pad_D1.5mm,4,24V,
"TP4_2, TP4",TestPoint_Pad_D1.5mm,2,11.8-12V,
"TP5_2, TP5",TestPoint_Pad_D1.5mm,2,12.3-12.6V,
"TP6_2, TP6",TestPoint_Pad_D1.5mm,2,17.2-17.7V,
"TP7_2, TP7",TestPoint_Pad_D1.5mm,2,17.0-17.2V,
"TP9_2, TP9",TestPoint_Pad_D1.5mm,2,12.7-12.9V,
"VR1_2, VR1",3386P_1,2,3386P-1-502LF,
