﻿Designator,Footprint,Quantity,Value,LCSC Part #
"C1_4, C1_3, C1_2, C1",CP_Radial_D18.0mm_P7.50mm,4,"3300uF, 50V",
"C2_4, C2_3, C2_2, C2",CP_Radial_D10.0mm_P5.00mm,4,"1000uF, 16V",
"C3_4, C3_3, C3_2, C3, C4_4, C4_3, C4_2, C4",CP_Radial_D5.0mm_P2.00mm,8,"10uF, 25V",
"D1_4, D1_3, D1_2, D1",LED_D5.0mm,4,LED_5mm,
"KIKIT_FID_B_1, KIKIT_FID_B_2, KIKIT_FID_B_3, KIKIT_FID_T_1, KIKIT_FID_T_2, KIKIT_FID_T_3",Fiducial,6,Fiducial,
"KIKIT_MB_10_1, KIKIT_MB_10_2, KIKIT_MB_10_3, KIKIT_MB_10_4, KIKIT_MB_10_5, KIKIT_MB_11_1, KIKIT_MB_11_2, KIKIT_MB_11_3, KIKIT_MB_11_4, KIKIT_MB_11_5, KIKIT_MB_12_1, KIKIT_MB_12_2, KIKIT_MB_12_3, KIKIT_MB_12_4, KIKIT_MB_12_5, KIKIT_MB_13_1, KIKIT_MB_13_2, KIKIT_MB_13_3, KIKIT_MB_13_4, KIKIT_MB_13_5, KIKIT_MB_14_1, KIKIT_MB_14_2, KIKIT_MB_14_3, KIKIT_MB_14_4, KIKIT_MB_14_5, KIKIT_MB_15_1, KIKIT_MB_15_2, KIKIT_MB_15_3, KIKIT_MB_15_4, KIKIT_MB_15_5, KIKIT_MB_16_1, KIKIT_MB_16_2, KIKIT_MB_16_3, KIKIT_MB_16_4, KIKIT_MB_16_5, KIKIT_MB_17_1, KIKIT_MB_17_2, KIKIT_MB_17_3, KIKIT_MB_17_4, KIKIT_MB_17_5, KIKIT_MB_18_1, KIKIT_MB_18_2, KIKIT_MB_18_3, KIKIT_MB_18_4, KIKIT_MB_18_5, KIKIT_MB_19_1, KIKIT_MB_19_2, KIKIT_MB_19_3, KIKIT_MB_19_4, KIKIT_MB_19_5, KIKIT_MB_1_1, KIKIT_MB_1_2, KIKIT_MB_1_3, KIKIT_MB_1_4, KIKIT_MB_1_5, KIKIT_MB_20_1, KIKIT_MB_20_2, KIKIT_MB_20_3, KIKIT_MB_20_4, KIKIT_MB_20_5, KIKIT_MB_21_1, KIKIT_MB_21_2, KIKIT_MB_21_3, KIKIT_MB_21_4, KIKIT_MB_21_5, KIKIT_MB_22_1, KIKIT_MB_22_2, KIKIT_MB_22_3, KIKIT_MB_22_4, KIKIT_MB_22_5, KIKIT_MB_23_1, KIKIT_MB_23_2, KIKIT_MB_23_3, KIKIT_MB_23_4, KIKIT_MB_23_5, KIKIT_MB_24_1, KIKIT_MB_24_2, KIKIT_MB_24_3, KIKIT_MB_24_4, KIKIT_MB_24_5, KIKIT_MB_25_2, KIKIT_MB_25_3, KIKIT_MB_25_4, KIKIT_MB_25_5, KIKIT_MB_25_6, KIKIT_MB_25_7, KIKIT_MB_26_2, KIKIT_MB_26_3, KIKIT_MB_26_4, KIKIT_MB_26_5, KIKIT_MB_26_6, KIKIT_MB_26_7, KIKIT_MB_27_1, KIKIT_MB_27_2, KIKIT_MB_27_3, KIKIT_MB_27_4, KIKIT_MB_27_5, KIKIT_MB_27_6, KIKIT_MB_28_1, KIKIT_MB_28_2, KIKIT_MB_28_3, KIKIT_MB_28_4, KIKIT_MB_28_5, KIKIT_MB_28_6, KIKIT_MB_29_2, KIKIT_MB_29_3, KIKIT_MB_29_4, KIKIT_MB_29_5, KIKIT_MB_29_6, KIKIT_MB_29_7, KIKIT_MB_2_1, KIKIT_MB_2_2, KIKIT_MB_2_3, KIKIT_MB_2_4, KIKIT_MB_2_5, KIKIT_MB_30_2, KIKIT_MB_30_3, KIKIT_MB_30_4, KIKIT_MB_30_5, KIKIT_MB_30_6, KIKIT_MB_30_7, KIKIT_MB_31_1, KIKIT_MB_31_2, KIKIT_MB_31_3, KIKIT_MB_31_4, KIKIT_MB_31_5, KIKIT_MB_31_6, KIKIT_MB_32_1, KIKIT_MB_32_2, KIKIT_MB_32_3, KIKIT_MB_32_4, KIKIT_MB_32_5, KIKIT_MB_32_6, KIKIT_MB_3_1, KIKIT_MB_3_2, KIKIT_MB_3_3, KIKIT_MB_3_4, KIKIT_MB_3_5, KIKIT_MB_4_1, KIKIT_MB_4_2, KIKIT_MB_4_3, KIKIT_MB_4_4, KIKIT_MB_4_5, KIKIT_MB_5_1, KIKIT_MB_5_2, KIKIT_MB_5_3, KIKIT_MB_5_4, KIKIT_MB_5_5, KIKIT_MB_6_1, KIKIT_MB_6_2, KIKIT_MB_6_3, KIKIT_MB_6_4, KIKIT_MB_6_5, KIKIT_MB_7_1, KIKIT_MB_7_2, KIKIT_MB_7_3, KIKIT_MB_7_4, KIKIT_MB_7_5, KIKIT_MB_8_1, KIKIT_MB_8_2, KIKIT_MB_8_3, KIKIT_MB_8_4, KIKIT_MB_8_5, KIKIT_MB_9_1, KIKIT_MB_9_2, KIKIT_MB_9_3, KIKIT_MB_9_4, KIKIT_MB_9_5, KIKIT_TO_1, KIKIT_TO_2, KIKIT_TO_3",NPTH,171,NPTH,
"Q1_4, Q1_3, Q1_2, Q1, Q2_4, Q2_3, Q2_2, Q2",TO-247-3_Vertical_GDS,8,IRFP240,
"Q3_4, Q3_3, Q3_2, Q3",TO-92_Inline_Wide_EBC,4,ZTX450,
"Q4_4, Q4_3, Q4_2, Q4",2SK170,4,2SK170,
"R1_4, R1_3, R1_2, R1, R2_4, R2_3, R2_2, R2",RESAD3700W85L1500D550,8,"0.47 Ω, 3W, 5%",
"R10_4, R10_3, R10_2, R10",RESAD1575W64L635D235,4,332K Ω,
"R11_4, R11_3, R11_2, R11, R13_4, R13_3, R13_2, R13, R7_4, R7_3, R7_2, R7",R_Axial_DIN0207_L6.3mm_D2.5mm_P10.16mm_Horizontal,12,10k Ω,
"R12_4, R12_3, R12_2, R12",R_Axial_DIN0207_L6.3mm_D2.5mm_P10.16mm_Horizontal,4,39.2k Ω,
"R14_4, R14_3, R14_2, R14, R8_4, R8_3, R8_2, R8, R9_4, R9_3, R9_2, R9",R_Axial_DIN0207_L6.3mm_D2.5mm_P10.16mm_Horizontal,12,1k Ω,
"R15_4, R15_3, R15_2, R15",R_Axial_DIN0207_L6.3mm_D2.5mm_P10.16mm_Horizontal,4,2.21k Ω,
"R3_4, R3_3, R3_2, R3, R4_4, R4_3, R4_2, R4",RESAD3700W85L1500D550,8,"0.68 Ω, 3W, 5%",
"R5_4, R5_3, R5_2, R5, R6_4, R6_3, R6_2, R6",R_Axial_DIN0207_L6.3mm_D2.5mm_P10.16mm_Horizontal,8,100 Ω,
"T1_4, T1_3, T1_2, T1","TerminalBlock_Phoenix_PT-1,5-2-5.0-H_1x02_P5.00mm_Horizontal",4,IN_L_P5.00mm,
"T2_4, T2_3, T2_2, T2","TerminalBlock_Phoenix_PT-1,5-2-5.0-H_1x02_P5.00mm_Horizontal",4,OUT_L_P5.00mm,
"T3_4, T3_3, T3_2, T3","TerminalBlock_Phoenix_PT-1,5-2-5.0-H_1x02_P5.00mm_Horizontal",4,S+24V_IN_L_P5.00mm,
"TP1_4, TP1_3, TP1_2, TP1",TestPoint_Pad_D1.5mm,4,3.5-4.1V,
"TP10_4, TP10_3, TP10_2, TP10, TP3_4, TP3_3, TP3_2, TP3",TestPoint_Pad_D1.5mm,8,4.1-4.7V,
"TP11_4, TP11_3, TP11_2, TP11",TestPoint_Pad_D1.5mm,4,11.8-12V/5.2KΩ,
"TP12_4, TP12_3, TP12_2, TP12",TestPoint_Pad_D1.5mm,4,0V/0Ω,
"TP2_4, TP2_3, TP2_2, TP2, TP8_4, TP8_3, TP8_2, TP8",TestPoint_Pad_D1.5mm,8,24V,
"TP4_4, TP4_3, TP4_2, TP4",TestPoint_Pad_D1.5mm,4,11.8-12V,
"TP5_4, TP5_3, TP5_2, TP5",TestPoint_Pad_D1.5mm,4,12.3-12.6V,
"TP6_4, TP6_3, TP6_2, TP6",TestPoint_Pad_D1.5mm,4,17.2-17.7V,
"TP7_4, TP7_3, TP7_2, TP7",TestPoint_Pad_D1.5mm,4,17.0-17.2V,
"TP9_4, TP9_3, TP9_2, TP9",TestPoint_Pad_D1.5mm,4,12.7-12.9V,
"VR1_4, VR1_3, VR1_2, VR1",3386P_1,4,3386P-1-502LF,
